[
    {
        "card_title": "general",
        "content_type": "COMPLEX",
        "content": [
            {
                "inner_title": "CLI Version",
                "content_type": "FLAG",
                "content": "8.1.1",
                "doc_link": "",
                "tooltip": "",
                "unsound": false
            },
            {
                "inner_title": "branch",
                "content_type": "FLAG",
                "content": "main",
                "doc_link": "",
                "tooltip": "",
                "unsound": false
            },
            {
                "inner_title": "dirty",
                "content_type": "FLAG",
                "content": "true",
                "doc_link": "",
                "tooltip": "",
                "unsound": false
            },
            {
                "inner_title": "origin",
                "content_type": "FLAG",
                "content": "https://github.com/IYA1738/RWA_Recipient_Handler_SC.git",
                "doc_link": "",
                "tooltip": "",
                "unsound": false
            },
            {
                "inner_title": "revision",
                "content_type": "FLAG",
                "content": "731e03282c0a701735d065b99e62782c1463be2e",
                "doc_link": "",
                "tooltip": "",
                "unsound": false
            }
        ]
    },
    {
        "card_title": "files",
        "content_type": "SIMPLE",
        "content": [
            {
                "inner_title": "files",
                "content_type": "SIMPLE",
                "content": [
                    "certora/MockERC20.sol",
                    "certora/harness/RecipientHandlerHarness.sol"
                ],
                "doc_link": "https://docs.certora.com/en/latest/docs/prover/cli/options.html#files",
                "tooltip": "",
                "unsound": false
            }
        ]
    },
    {
        "card_title": "options",
        "content_type": "COMPLEX",
        "content": [
            {
                "inner_title": "verify",
                "content_type": "FLAG",
                "content": "RecipientHandlerHarness:certora/specs/RecipientHandler.spec",
                "doc_link": "https://docs.certora.com/en/latest/docs/prover/cli/options.html#verify",
                "tooltip": "",
                "unsound": false
            },
            {
                "inner_title": "disable_local_typechecking",
                "content_type": "FLAG",
                "content": "true",
                "doc_link": "https://docs.certora.com/en/latest/docs/prover/cli/options.html#disable-local-typechecking",
                "tooltip": "",
                "unsound": false
            },
            {
                "inner_title": "optimistic_loop",
                "content_type": "FLAG",
                "content": "true",
                "doc_link": "https://docs.certora.com/en/latest/docs/prover/cli/options.html#optimistic-loop",
                "tooltip": "",
                "unsound": true
            },
            {
                "inner_title": "rule",
                "content_type": "SIMPLE",
                "content": [
                    "BuyerInvalidSig_ShouldRevert"
                ],
                "doc_link": "https://docs.certora.com/en/latest/docs/prover/cli/options.html#rule",
                "tooltip": "",
                "unsound": false
            }
        ]
    },
    {
        "card_title": "packages",
        "content_type": "SIMPLE",
        "content": [
            {
                "inner_title": "packages",
                "content_type": "SIMPLE",
                "content": [
                    "@openzeppelin=node_modules/@openzeppelin"
                ],
                "doc_link": "https://docs.certora.com/en/latest/docs/prover/cli/options.html#packages",
                "tooltip": "",
                "unsound": false
            }
        ]
    },
    {
        "card_title": "solidity_compiler",
        "content_type": "COMPLEX",
        "content": [
            {
                "inner_title": "solc",
                "content_type": "FLAG",
                "content": "solc",
                "doc_link": "https://docs.certora.com/en/latest/docs/prover/cli/options.html#solc",
                "tooltip": "",
                "unsound": false
            },
            {
                "inner_title": "solc_via_ir",
                "content_type": "FLAG",
                "content": "true",
                "doc_link": "https://docs.certora.com/en/latest/docs/prover/cli/options.html#solc-via-ir",
                "tooltip": "",
                "unsound": false
            }
        ]
    }
]