{
    "CLI_package_name": "certora-cli",
    "CLI_version": "8.1.1",
    "branch": "main",
    "certora_ci_client": null,
    "conf": {
        "disable_local_typechecking": true,
        "files": [
            "certora/harness/RecipientHandlerHarness.sol",
            "certora/MockERC20.sol"
        ],
        "optimistic_loop": true,
        "packages": [
            "@openzeppelin=node_modules/@openzeppelin"
        ],
        "rule": [
            "PayWithEIP712_InvalidBuyerSig_ShouldRevert"
        ],
        "solc": "solc",
        "solc_via_ir": true,
        "verify": "RecipientHandlerHarness:certora/specs/RecipientHandler.spec"
    },
    "conf_path": null,
    "cwd_relative": ".",
    "dirty": true,
    "group_id": null,
    "jar_flag_info": [
        "-autoDispatcher,auto_dispatcher,boolean",
        "-bytecode,bytecode_jsons,list",
        "-spec,bytecode_spec,string",
        "-globalTimeout,cloud_global_timeout,string",
        "-coinbaseFeaturesMode,coinbase_mode,boolean",
        "-contractRecursionLimit,contract_recursion_limit,string",
        "-coverageInfo,coverage_info,string",
        "-dynamicCreationBound,dynamic_bound,string",
        "-dispatchOnCreated,dynamic_dispatch,boolean",
        "-enforceRequireReasonInCVL,enforce_require_reason,boolean",
        "-excludeMethod,exclude_method,list",
        "-excludeRule,exclude_rule,list",
        "-foundry,foundry_tests_mode,boolean",
        "-userGlobalTimeout,global_timeout,string",
        "-hashingLengthBound,hashing_length_bound,string",
        "-includeEmptyFallback,include_empty_fallback,boolean",
        "-independentSatisfies,independent_satisfy,boolean",
        "-b,loop_iter,string",
        "-maxConcurrentRules,max_concurrent_rules,string",
        "-graphDrawLimit,max_graph_depth,string",
        "-method,method,list",
        "-multiAssertCheck,multi_assert_check,boolean",
        "-multipleCEX,multi_example,string",
        "-autoNondetDifficultInternalFuncs,nondet_difficult_funcs,boolean",
        "-autoNondetMinimalDifficulty,nondet_minimal_difficulty,string",
        "-noCalltraceStorageInformation,no_calltrace_storage_information,boolean",
        "-optimisticContractRecursion,optimistic_contract_recursion,boolean",
        "-optimisticFallback,optimistic_fallback,boolean",
        "-optimisticUnboundedHashing,optimistic_hashing,boolean",
        "-assumeUnwindCond,optimistic_loop,boolean",
        "-optimisticSummaryRecursion,optimistic_summary_recursion,boolean",
        "-contract,parametric_contracts,list",
        "-smt_preciseBitwiseOps,precise_bitwise_ops,boolean",
        "-resourceFiles,prover_resource_files,list",
        "-boundedModelChecking,range,string",
        "-boundedModelCheckingFailureLimit,ranger_failure_limit,string",
        "-rule,rule,list",
        "-ruleSanityChecks,rule_sanity,string",
        "-saveVerifierResults,save_verifier_results,boolean",
        "-ciMode,short_output,boolean",
        "-t,smt_timeout,string",
        "-smt_useBV,smt_use_bv,boolean",
        "-summaryRecursionLimit,summary_recursion_limit,string",
        "-json,tool_output,string",
        "-unusedSummaryHardFail,unused_summary_hard_fail,string",
        "-usePerRuleCache,use_per_rule_cache,string"
    ],
    "java_version": "",
    "main_spec": "certora/specs/RecipientHandler.spec",
    "origin": "https://github.com/IYA1738/RWA_Recipient_Handler_SC.git",
    "python_version": "3.12.3",
    "raw_args": [
        "/root/.local/bin/certoraRun",
        "certora/harness/RecipientHandlerHarness.sol",
        "certora/MockERC20.sol",
        "--verify",
        "RecipientHandlerHarness:certora/specs/RecipientHandler.spec",
        "--solc",
        "solc",
        "--solc_via_ir",
        "--optimistic_loop",
        "--packages",
        "@openzeppelin=node_modules/@openzeppelin",
        "--rule",
        "PayWithEIP712_InvalidBuyerSig_ShouldRevert",
        "--disable_local_typechecking"
    ],
    "revision": "731e03282c0a701735d065b99e62782c1463be2e",
    "timestamp": "1759475464.578966"
}